конфигурация;вариант;кат (1 осн, 2 доп);тип;артикул;описание;фото;линк;цена ;порядок;
101;1;1;котел;8615845;Wolf Газовый настенный конд. котёл FGB-K-24, закрытая камера сгорания, 2-контурный, c насосом;fgb.jpg;;;;#ИМЯ?
101;1;1;бойлер;0;#Н/Д;;;;;#ИМЯ?
101;1;1;датчик бойлера;0;#Н/Д;;;;;#ИМЯ?
101;1;2;доп опция;279202199;#Н/Д;;;;;#ИМЯ?
101;1;2;дымоход;2651955;Wolf Дымоход К-т концентрич.горизонт.дымохода DN60/100 для FGB/CGB-2 <QuickFlue> (2651754);;;;;#ИМЯ?
101;1;2;ВМ/ВМ-2;8908316;Wolf Модуль управления ВМ-2 (с датчиком наружной температуры), автоматическое погодозависимое управл;;;;;#ИМЯ?
101;1;2;Цоколь;1731129;Wolf Принадлежность Настенный цоколь для модуля ВМ-2;bm-2.jpg;;;;#ИМЯ?
101;1;2;link Pro;8908675;Wolf Принадлежность Интерфейсный модуль Link Pro LAN/WLAN внешний (старый артикул 8908391);;;;;#ИМЯ?
101;1;2;MM/MM-2;8908493;Wolf Устройство регулирования Модуль управления смесителем MM-2;;;;;#ИМЯ?
101;1;2;KM/KM-2;8908494;Wolf Модуль управления каскадом KM-2;;;;;#ИМЯ?
102;1;1;котел;K8615844001;Wolf Комплект Газовый настенный конденсационный котёл FGB-24 с бойлером CSW-120;fgb.jpg;;;;#ИМЯ?
102;1;1;бойлер;0;#Н/Д;;;;;#ИМЯ?
102;1;1;датчик бойлера;0;#Н/Д;;;;;#ИМЯ?
102;1;2;доп опция;0;#Н/Д;;;;;#ИМЯ?
102;1;2;дымоход;0;#Н/Д;;;;;#ИМЯ?
102;1;2;ВМ/ВМ-2;8908316;Wolf Модуль управления ВМ-2 (с датчиком наружной температуры), автоматическое погодозависимое управл;bm-2.jpg;;;;#ИМЯ?
102;1;2;Цоколь;1731129;Wolf Принадлежность Настенный цоколь для модуля ВМ-2;;;;;#ИМЯ?
102;1;2;link Pro;8908675;Wolf Принадлежность Интерфейсный модуль Link Pro LAN/WLAN внешний (старый артикул 8908391);;;;;#ИМЯ?
102;1;2;MM/MM-2;8908493;Wolf Устройство регулирования Модуль управления смесителем MM-2;;;;;#ИМЯ?
102;1;2;KM/KM-2;8908494;Wolf Модуль управления каскадом KM-2;;;;;#ИМЯ?
103;1;1;котел;8615844;Wolf Газовый настенный конд. котёл FGB-24, закрытая камера сгорания, 1-контурный, c насосом;fgb.jpg;;;;#ИМЯ?
103;1;1;бойлер;8908597;Wolf Вертикальный водонагреватель SE-2-300 (старый артикул 2444172);se-2.jpg;;;;#ИМЯ?
103;1;1;датчик бойлера;8852829;Wolf Принад-ть Датчик температуры водонагревателя, котла и воздуха (ТКС 5К, 6мм);;;;;#ИМЯ?
103;1;2;доп опция;279202199;#Н/Д;;;;;#ИМЯ?
103;1;2;дымоход;2651955;Wolf Дымоход К-т концентрич.горизонт.дымохода DN60/100 для FGB/CGB-2 <QuickFlue> (2651754);;;;;#ИМЯ?
103;1;2;ВМ/ВМ-2;8908316;Wolf Модуль управления ВМ-2 (с датчиком наружной температуры), автоматическое погодозависимое управл;bm-2.jpg;;;;#ИМЯ?
103;1;2;Цоколь;1731129;Wolf Принадлежность Настенный цоколь для модуля ВМ-2;;;;;#ИМЯ?
103;1;2;link Pro;8908675;Wolf Принадлежность Интерфейсный модуль Link Pro LAN/WLAN внешний (старый артикул 8908391);;;;;#ИМЯ?
103;1;2;MM/MM-2;8908493;Wolf Устройство регулирования Модуль управления смесителем MM-2;;;;;#ИМЯ?
103;1;2;KM/KM-2;8908494;Wolf Модуль управления каскадом KM-2;;;;;#ИМЯ?
151;1;1;котел;8615845;Wolf Газовый настенный конд. котёл FGB-K-24, закрытая камера сгорания, 2-контурный, c насосом;fgb.jpg;;;;#ИМЯ?
151;1;1;бойлер;0;#Н/Д;;;;;#ИМЯ?
151;1;1;датчик бойлера;0;#Н/Д;;;;;#ИМЯ?
151;1;2;доп опция;279202199;#Н/Д;;;;;#ИМЯ?
151;1;2;дымоход;2651955;Wolf Дымоход К-т концентрич.горизонт.дымохода DN60/100 для FGB/CGB-2 <QuickFlue> (2651754);fgb.jpg;;;;#ИМЯ?
151;1;2;ВМ/ВМ-2;8908316;Wolf Модуль управления ВМ-2 (с датчиком наружной температуры), автоматическое погодозависимое управл;bm-2.jpg;;;;#ИМЯ?
151;1;2;Цоколь;1731129;Wolf Принадлежность Настенный цоколь для модуля ВМ-2;;;;;#ИМЯ?
151;1;2;link Pro;8908675;Wolf Принадлежность Интерфейсный модуль Link Pro LAN/WLAN внешний (старый артикул 8908391);;;;;#ИМЯ?
151;1;2;MM/MM-2;8908493;Wolf Устройство регулирования Модуль управления смесителем MM-2;;;;;#ИМЯ?
151;1;2;KM/KM-2;8908494;Wolf Модуль управления каскадом KM-2;;;;;#ИМЯ?
152;1;1;котел;K8615844001;Wolf Комплект Газовый настенный конденсационный котёл FGB-24 с бойлером CSW-120;fgb.jpg;;;;#ИМЯ?
152;1;1;бойлер;0;#Н/Д;;;;;#ИМЯ?
152;1;1;датчик бойлера;0;#Н/Д;;;;;#ИМЯ?
152;1;2;доп опция;0;#Н/Д;;;;;#ИМЯ?
152;1;2;дымоход;0;#Н/Д;;;;;#ИМЯ?
152;1;2;ВМ/ВМ-2;8908316;Wolf Модуль управления ВМ-2 (с датчиком наружной температуры), автоматическое погодозависимое управл;bm-2.jpg;;;;#ИМЯ?
152;1;2;Цоколь;1731129;Wolf Принадлежность Настенный цоколь для модуля ВМ-2;;;;;#ИМЯ?
152;1;2;link Pro;8908675;Wolf Принадлежность Интерфейсный модуль Link Pro LAN/WLAN внешний (старый артикул 8908391);;;;;#ИМЯ?
152;1;2;MM/MM-2;8908493;Wolf Устройство регулирования Модуль управления смесителем MM-2;;;;;#ИМЯ?
152;1;2;KM/KM-2;8908494;Wolf Модуль управления каскадом KM-2;;;;;#ИМЯ?
153;1;1;котел;8615844;Wolf Газовый настенный конд. котёл FGB-24, закрытая камера сгорания, 1-контурный, c насосом;fgb.jpg;;;;#ИМЯ?
153;1;1;бойлер;8908597;Wolf Вертикальный водонагреватель SE-2-300 (старый артикул 2444172);se-2.jpg;;;;#ИМЯ?
153;1;1;датчик бойлера;8852829;Wolf Принад-ть Датчик температуры водонагревателя, котла и воздуха (ТКС 5К, 6мм);;;;;#ИМЯ?
153;1;2;доп опция;279202199;#Н/Д;;;;;#ИМЯ?
153;1;2;дымоход;2651955;Wolf Дымоход К-т концентрич.горизонт.дымохода DN60/100 для FGB/CGB-2 <QuickFlue> (2651754);;;;;#ИМЯ?
153;1;2;ВМ/ВМ-2;8908316;Wolf Модуль управления ВМ-2 (с датчиком наружной температуры), автоматическое погодозависимое управл;;;;;#ИМЯ?
153;1;2;Цоколь;1731129;Wolf Принадлежность Настенный цоколь для модуля ВМ-2;bm-2.jpg;;;;#ИМЯ?
153;1;2;link Pro;8908675;Wolf Принадлежность Интерфейсный модуль Link Pro LAN/WLAN внешний (старый артикул 8908391);;;;;#ИМЯ?
153;1;2;MM/MM-2;8908493;Wolf Устройство регулирования Модуль управления смесителем MM-2;;;;;#ИМЯ?
153;1;2;KM/KM-2;8908494;Wolf Модуль управления каскадом KM-2;;;;;#ИМЯ?
201;1;1;котел;8615350;Wolf Газовый настенный конденсационный котёл FGB-K-28 (стар. арт. 8614803);fgb.jpg;;;;#ИМЯ?
201;1;1;бойлер;0;#Н/Д;;;;;#ИМЯ?
201;1;1;датчик бойлера;0;#Н/Д;;;;;#ИМЯ?
201;1;2;доп опция;279202199;#Н/Д;;;;;#ИМЯ?
201;1;2;дымоход;2651955;Wolf Дымоход К-т концентрич.горизонт.дымохода DN60/100 для FGB/CGB-2 <QuickFlue> (2651754);;;;;#ИМЯ?
201;1;2;ВМ/ВМ-2;8908316;Wolf Модуль управления ВМ-2 (с датчиком наружной температуры), автоматическое погодозависимое управл;;;;;#ИМЯ?
201;1;2;Цоколь;1731129;Wolf Принадлежность Настенный цоколь для модуля ВМ-2;bm-2.jpg;;;;#ИМЯ?
201;1;2;link Pro;8908675;Wolf Принадлежность Интерфейсный модуль Link Pro LAN/WLAN внешний (старый артикул 8908391);;;;;#ИМЯ?
201;1;2;MM/MM-2;8908493;Wolf Устройство регулирования Модуль управления смесителем MM-2;;;;;#ИМЯ?
201;1;2;KM/KM-2;8908494;Wolf Модуль управления каскадом KM-2;;;;;#ИМЯ?
202;1;1;котел;K8614804001;Wolf Комплект Газовый настенный конденсационный котёл FGB-28 с бойлером CSW-120;fgb.jpg;;;;#ИМЯ?
202;1;1;бойлер;0;#Н/Д;;;;;#ИМЯ?
202;1;1;датчик бойлера;0;#Н/Д;;;;;#ИМЯ?
202;1;2;доп опция;0;#Н/Д;;;;;#ИМЯ?
202;1;2;дымоход;0;#Н/Д;;;;;#ИМЯ?
202;1;2;ВМ/ВМ-2;8908316;Wolf Модуль управления ВМ-2 (с датчиком наружной температуры), автоматическое погодозависимое управл;bm-2.jpg;;;;#ИМЯ?
202;1;2;Цоколь;1731129;Wolf Принадлежность Настенный цоколь для модуля ВМ-2;;;;;#ИМЯ?
202;1;2;link Pro;8908675;Wolf Принадлежность Интерфейсный модуль Link Pro LAN/WLAN внешний (старый артикул 8908391);;;;;#ИМЯ?
202;1;2;MM/MM-2;8908493;Wolf Устройство регулирования Модуль управления смесителем MM-2;;;;;#ИМЯ?
202;1;2;KM/KM-2;8908494;Wolf Модуль управления каскадом KM-2;;;;;#ИМЯ?
203;1;1;котел;8615351;Wolf Газовый настенный конденсационный котёл FGB-28 (стар.арт. 8614804);;;;;#ИМЯ?
203;1;1;бойлер;8908597;Wolf Вертикальный водонагреватель SE-2-300 (старый артикул 2444172);se-2.jpg;;;;#ИМЯ?
203;1;1;датчик бойлера;8852829;Wolf Принад-ть Датчик температуры водонагревателя, котла и воздуха (ТКС 5К, 6мм);;;;;#ИМЯ?
203;1;2;доп опция;279202199;#Н/Д;;;;;#ИМЯ?
203;1;2;дымоход;2651955;Wolf Дымоход К-т концентрич.горизонт.дымохода DN60/100 для FGB/CGB-2 <QuickFlue> (2651754);fgb.jpg;;;;#ИМЯ?
203;1;2;ВМ/ВМ-2;8908316;Wolf Модуль управления ВМ-2 (с датчиком наружной температуры), автоматическое погодозависимое управл;bm-2.jpg;;;;#ИМЯ?
203;1;2;Цоколь;1731129;Wolf Принадлежность Настенный цоколь для модуля ВМ-2;;;;;#ИМЯ?
203;1;2;link Pro;8908675;Wolf Принадлежность Интерфейсный модуль Link Pro LAN/WLAN внешний (старый артикул 8908391);;;;;#ИМЯ?
203;1;2;MM/MM-2;8908493;Wolf Устройство регулирования Модуль управления смесителем MM-2;;;;;#ИМЯ?
203;1;2;KM/KM-2;8908494;Wolf Модуль управления каскадом KM-2;;;;;#ИМЯ?
281;1;1;котел;8615352;Wolf Газовый настенный конденсационный котёл FGB-K-35 (стар.арт. 8614805);fgb.jpg;;;;#ИМЯ?
281;1;1;бойлер;0;#Н/Д;;;;;#ИМЯ?
281;1;1;датчик бойлера;0;#Н/Д;;;;;#ИМЯ?
281;1;2;доп опция;279202199;#Н/Д;;;;;#ИМЯ?
281;1;2;дымоход;2651955;Wolf Дымоход К-т концентрич.горизонт.дымохода DN60/100 для FGB/CGB-2 <QuickFlue> (2651754);;;;;#ИМЯ?
281;1;2;ВМ/ВМ-2;8908316;Wolf Модуль управления ВМ-2 (с датчиком наружной температуры), автоматическое погодозависимое управл;bm-2.jpg;;;;#ИМЯ?
281;1;2;Цоколь;1731129;Wolf Принадлежность Настенный цоколь для модуля ВМ-2;;;;;#ИМЯ?
281;1;2;link Pro;8908675;Wolf Принадлежность Интерфейсный модуль Link Pro LAN/WLAN внешний (старый артикул 8908391);;;;;#ИМЯ?
281;1;2;MM/MM-2;8908493;Wolf Устройство регулирования Модуль управления смесителем MM-2;;;;;#ИМЯ?
281;1;2;KM/KM-2;8908494;Wolf Модуль управления каскадом KM-2;;;;;#ИМЯ?
282;1;1;котел;K8614806001;Wolf Комплект  Газовый настенный конденс. котёл FGB-35 одноконтурный, с CSW-120;fgb.jpg;;;;#ИМЯ?
282;1;1;бойлер;0;#Н/Д;;;;;#ИМЯ?
282;1;1;датчик бойлера;0;#Н/Д;;;;;#ИМЯ?
282;1;2;доп опция;0;#Н/Д;;;;;#ИМЯ?
282;1;2;дымоход;0;#Н/Д;;;;;#ИМЯ?
282;1;2;ВМ/ВМ-2;8908316;Wolf Модуль управления ВМ-2 (с датчиком наружной температуры), автоматическое погодозависимое управл;bm-2.jpg;;;;#ИМЯ?
282;1;2;Цоколь;1731129;Wolf Принадлежность Настенный цоколь для модуля ВМ-2;;;;;#ИМЯ?
282;1;2;link Pro;8908675;Wolf Принадлежность Интерфейсный модуль Link Pro LAN/WLAN внешний (старый артикул 8908391);;;;;#ИМЯ?
282;1;2;MM/MM-2;8908493;Wolf Устройство регулирования Модуль управления смесителем MM-2;;;;;#ИМЯ?
282;1;2;KM/KM-2;8908494;Wolf Модуль управления каскадом KM-2;;;;;#ИМЯ?
283;1;1;котел;K8614806002;Wolf Комплект  Газовый настен конденс. котёл FGB-35 одноконтурный,с верт.водонагрев.SE-2-300;se-2.jpg;;;;#ИМЯ?
283;1;1;бойлер;0;#Н/Д;;;;;#ИМЯ?
283;1;1;датчик бойлера;0;#Н/Д;;;;;#ИМЯ?
283;1;2;доп опция;0;#Н/Д;;;;;#ИМЯ?
283;1;2;дымоход;0;#Н/Д;;;;;#ИМЯ?
283;1;2;ВМ/ВМ-2;8908316;Wolf Модуль управления ВМ-2 (с датчиком наружной температуры), автоматическое погодозависимое управл;bm-2.jpg;;;;#ИМЯ?
283;1;2;Цоколь;1731129;Wolf Принадлежность Настенный цоколь для модуля ВМ-2;;;;;#ИМЯ?
283;1;2;link Pro;8908675;Wolf Принадлежность Интерфейсный модуль Link Pro LAN/WLAN внешний (старый артикул 8908391);;;;;#ИМЯ?
283;1;2;MM/MM-2;8908493;Wolf Устройство регулирования Модуль управления смесителем MM-2;;;;;#ИМЯ?
283;1;2;KM/KM-2;8908494;Wolf Модуль управления каскадом KM-2;;;;;#ИМЯ?
411;1;1;котел;K8614758004;Wolf Комплект Газовый настенный котёл CGB-50 с датчиком и 3-х ходовым клапаном;cgb-1k.jpg;;;;#ИМЯ?
411;1;1;бойлер;8908593;Wolf Вертикальный водонагреватель SE-2-150 (старый артикул 2444170);;;;;#ИМЯ?
411;1;1;датчик бойлера;0;#Н/Д;;;;;#ИМЯ?
411;1;2;доп опция;0;#Н/Д;;;;;#ИМЯ?
411;1;2;дымоход;2651495;Wolf Дымоход Комплект концентрического горизонтального прохода через стену или наклонную кровлю DN80;;;;;#ИМЯ?
411;1;2;ВМ/ВМ-2;8905359;Wolf Модуль управления ВМ (с датчиком наружной температуры), автоматическое погодозависимое управлен;bm.jpg;;;;#ИМЯ?
411;1;2;Цоколь;2744275;Wolf Принадлежность Настенный цоколь для модуля ВМ;;;;;#ИМЯ?
411;1;2;link Pro;8908675;Wolf Принадлежность Интерфейсный модуль Link Pro LAN/WLAN внешний (старый артикул 8908391);;;;;#ИМЯ?
411;1;2;MM/MM-2;8905376;Wolf Модуль управления смесителем ММ, с возможностью подключения модуля BM, управление смесительным;;;;;#ИМЯ?
411;1;2;KM/KM-2;8906335;Wolf Модуль управления каскадом КМ, с возможностью подключения модуля BM , управление до 5 установок;;;;;#ИМЯ?
412;1;1;котел;K8614758003;Wolf Комплект  Газовый настенный конденсационный котёл CGB-50 (50,0 кВт) ;cgb-1k.jpg;;;;#ИМЯ?
412;1;1;бойлер;8602187;Wolf Принадлежность 3-х ходовой клапан для подключения к водонагревателю, 1”, для CGB-35, CGB-50;;;;;#ИМЯ?
412;1;1;датчик бойлера;0;#Н/Д;;;;;#ИМЯ?
412;1;2;доп опция;0;#Н/Д;;;;;#ИМЯ?
412;1;2;дымоход;2651495;Wolf Дымоход Комплект концентрического горизонтального прохода через стену или наклонную кровлю DN80;;;;;#ИМЯ?
412;1;2;ВМ/ВМ-2;8905359;Wolf Модуль управления ВМ (с датчиком наружной температуры), автоматическое погодозависимое управлен;bm.jpg;;;;#ИМЯ?
412;1;2;Цоколь;2744275;Wolf Принадлежность Настенный цоколь для модуля ВМ;;;;;#ИМЯ?
412;1;2;link Pro;8908675;Wolf Принадлежность Интерфейсный модуль Link Pro LAN/WLAN внешний (старый артикул 8908391);;;;;#ИМЯ?
412;1;2;MM/MM-2;8905376;Wolf Модуль управления смесителем ММ, с возможностью подключения модуля BM, управление смесительным;;;;;#ИМЯ?
412;1;2;KM/KM-2;8906335;Wolf Модуль управления каскадом КМ, с возможностью подключения модуля BM , управление до 5 установок;;;;;#ИМЯ?
413;1;1;котел;K8614758001;Wolf Комплект Газовый настенный конденсационный котёл CGB-50 (50,0 кВт)  с SE-2-300 и датчиком температуры водонагревателя;cgb-1k.jpg;;;;#ИМЯ?
413;1;1;бойлер;8602187;Wolf Принадлежность 3-х ходовой клапан для подключения к водонагревателю, 1”, для CGB-35, CGB-50;;;;;#ИМЯ?
413;1;1;датчик бойлера;0;#Н/Д;;;;;#ИМЯ?
413;1;2;доп опция;0;#Н/Д;;;;;#ИМЯ?
413;1;2;дымоход;2651495;Wolf Дымоход Комплект концентрического горизонтального прохода через стену или наклонную кровлю DN80;;;;;#ИМЯ?
413;1;2;ВМ/ВМ-2;8905359;Wolf Модуль управления ВМ (с датчиком наружной температуры), автоматическое погодозависимое управлен;bm.jpg;;;;#ИМЯ?
413;1;2;Цоколь;2744275;Wolf Принадлежность Настенный цоколь для модуля ВМ;;;;;#ИМЯ?
413;1;2;link Pro;8908675;Wolf Принадлежность Интерфейсный модуль Link Pro LAN/WLAN внешний (старый артикул 8908391);;;;;#ИМЯ?
413;1;2;MM/MM-2;8905376;Wolf Модуль управления смесителем ММ, с возможностью подключения модуля BM, управление смесительным;;;;;#ИМЯ?
413;1;2;KM/KM-2;8906335;Wolf Модуль управления каскадом КМ, с возможностью подключения модуля BM , управление до 5 установок;;;;;#ИМЯ?
651;1;1;котел;8613684;Wolf Газовый настенный конденсационный котёл CGB-75 (76,0 кВт), закрытая камера ;cgb-75-100.jpg;;;;#ИМЯ?
651;1;1;бойлер;8908593;Wolf Вертикальный водонагреватель SE-2-150 (старый артикул 2444170);se-2.jpg;;;;#ИМЯ?
651;1;1;датчик бойлера;279905499;Wolf Принадлежность Датчик температуры водонагревателя с круглым синим штекером;;;;;#ИМЯ?
651;1;2;доп опция;2071931;Wolf Принадлежность Насосная группа быстрого монтажа (контур отопления) для CGB 75/100, циркуляционн;;;;;#ИМЯ?
651;1;2;дымоход;2651558;Wolf Дымоход Комплект концентрического горизонтального прохода через стену или наклонную кровлю DN11;;;;;#ИМЯ?
651;1;2;ВМ/ВМ-2;8905359;Wolf Модуль управления ВМ (с датчиком наружной температуры), автоматическое погодозависимое управлен;;;;;#ИМЯ?
651;1;2;Цоколь;2744275;Wolf Принадлежность Настенный цоколь для модуля ВМ;;;;;#ИМЯ?
651;1;2;link Pro;8908675;Wolf Принадлежность Интерфейсный модуль Link Pro LAN/WLAN внешний (старый артикул 8908391);;;;;#ИМЯ?
651;1;2;MM/MM-2;8905376;Wolf Модуль управления смесителем ММ, с возможностью подключения модуля BM, управление смесительным;;;;;#ИМЯ?
651;1;2;KM/KM-2;8906335;Wolf Модуль управления каскадом КМ, с возможностью подключения модуля BM , управление до 5 установок;;;;;#ИМЯ?
652;1;1;котел;8613684;Wolf Газовый настенный конденсационный котёл CGB-75 (76,0 кВт), закрытая камера ;cgb-75-100.jpg;;;;#ИМЯ?
652;1;1;бойлер;8908595;Wolf Вертикальный водонагреватель SE-2-200 (старый артикул 2444171);se-2.jpg;;;;#ИМЯ?
652;1;1;датчик бойлера;279905499;Wolf Принадлежность Датчик температуры водонагревателя с круглым синим штекером;;;;;#ИМЯ?
652;1;2;доп опция;2071931;Wolf Принадлежность Насосная группа быстрого монтажа (контур отопления) для CGB 75/100, циркуляционн;;;;;#ИМЯ?
652;1;2;дымоход;2651558;Wolf Дымоход Комплект концентрического горизонтального прохода через стену или наклонную кровлю DN11;;;;;#ИМЯ?
652;1;2;ВМ/ВМ-2;8905359;Wolf Модуль управления ВМ (с датчиком наружной температуры), автоматическое погодозависимое управлен;bm.jpg;;;;#ИМЯ?
652;1;2;Цоколь;2744275;Wolf Принадлежность Настенный цоколь для модуля ВМ;;;;;#ИМЯ?
652;1;2;link Pro;8908675;Wolf Принадлежность Интерфейсный модуль Link Pro LAN/WLAN внешний (старый артикул 8908391);;;;;#ИМЯ?
652;1;2;MM/MM-2;8905376;Wolf Модуль управления смесителем ММ, с возможностью подключения модуля BM, управление смесительным;;;;;#ИМЯ?
652;1;2;KM/KM-2;8906335;Wolf Модуль управления каскадом КМ, с возможностью подключения модуля BM , управление до 5 установок;;;;;#ИМЯ?
653;1;1;котел;8613684;Wolf Газовый настенный конденсационный котёл CGB-75 (76,0 кВт), закрытая камера ;cgb-75-100.jpg;;;;#ИМЯ?
653;1;1;бойлер;8908597;Wolf Вертикальный водонагреватель SE-2-300 (старый артикул 2444172);se-2.jpg;;;;#ИМЯ?
653;1;1;датчик бойлера;279905499;Wolf Принадлежность Датчик температуры водонагревателя с круглым синим штекером;;;;;#ИМЯ?
653;1;2;доп опция;2071931;Wolf Принадлежность Насосная группа быстрого монтажа (контур отопления) для CGB 75/100, циркуляционн;;;;;#ИМЯ?
653;1;2;дымоход;2651558;Wolf Дымоход Комплект концентрического горизонтального прохода через стену или наклонную кровлю DN11;;;;;#ИМЯ?
653;1;2;ВМ/ВМ-2;8905359;Wolf Модуль управления ВМ (с датчиком наружной температуры), автоматическое погодозависимое управлен;bm-2.jpg;;;;#ИМЯ?
653;1;2;Цоколь;2744275;Wolf Принадлежность Настенный цоколь для модуля ВМ;;;;;#ИМЯ?
653;1;2;link Pro;8908675;Wolf Принадлежность Интерфейсный модуль Link Pro LAN/WLAN внешний (старый артикул 8908391);;;;;#ИМЯ?
653;1;2;MM/MM-2;8905376;Wolf Модуль управления смесителем ММ, с возможностью подключения модуля BM, управление смесительным;;;;;#ИМЯ?
653;1;2;KM/KM-2;8906335;Wolf Модуль управления каскадом КМ, с возможностью подключения модуля BM , управление до 5 установок;;;;;#ИМЯ?
851;1;1;котел;8613685;Wolf Газовый настенный конденсационный котёл CGB-100 (99,0 кВт), закрытая камера ;cgb-75-100.jpg;;;;#ИМЯ?
851;1;1;бойлер;8908593;Wolf Вертикальный водонагреватель SE-2-150 (старый артикул 2444170);se-2.jpg;;;;#ИМЯ?
851;1;1;датчик бойлера;279905499;Wolf Принадлежность Датчик температуры водонагревателя с круглым синим штекером;;;;;#ИМЯ?
851;1;2;доп опция;2071931;Wolf Принадлежность Насосная группа быстрого монтажа (контур отопления) для CGB 75/100, циркуляционн;;;;;#ИМЯ?
851;1;2;дымоход;2651558;Wolf Дымоход Комплект концентрического горизонтального прохода через стену или наклонную кровлю DN11;;;;;#ИМЯ?
851;1;2;ВМ/ВМ-2;8905359;Wolf Модуль управления ВМ (с датчиком наружной температуры), автоматическое погодозависимое управлен;bm.jpg;;;;#ИМЯ?
851;1;2;Цоколь;2744275;Wolf Принадлежность Настенный цоколь для модуля ВМ;;;;;#ИМЯ?
851;1;2;link Pro;8908675;Wolf Принадлежность Интерфейсный модуль Link Pro LAN/WLAN внешний (старый артикул 8908391);;;;;#ИМЯ?
851;1;2;MM/MM-2;8905376;Wolf Модуль управления смесителем ММ, с возможностью подключения модуля BM, управление смесительным;;;;;#ИМЯ?
851;1;2;KM/KM-2;8906335;Wolf Модуль управления каскадом КМ, с возможностью подключения модуля BM , управление до 5 установок;;;;;#ИМЯ?
852;1;1;котел;8613685;Wolf Газовый настенный конденсационный котёл CGB-100 (99,0 кВт), закрытая камера ;cgb-75-100.jpg;;;;#ИМЯ?
852;1;1;бойлер;8908595;Wolf Вертикальный водонагреватель SE-2-200 (старый артикул 2444171);se-2.jpg;;;;#ИМЯ?
852;1;1;датчик бойлера;279905499;Wolf Принадлежность Датчик температуры водонагревателя с круглым синим штекером;;;;;#ИМЯ?
852;1;2;доп опция;2071931;Wolf Принадлежность Насосная группа быстрого монтажа (контур отопления) для CGB 75/100, циркуляционн;;;;;#ИМЯ?
852;1;2;дымоход;2651558;Wolf Дымоход Комплект концентрического горизонтального прохода через стену или наклонную кровлю DN11;;;;;#ИМЯ?
852;1;2;ВМ/ВМ-2;8905359;Wolf Модуль управления ВМ (с датчиком наружной температуры), автоматическое погодозависимое управлен;bm.jpg;;;;#ИМЯ?
852;1;2;Цоколь;2744275;Wolf Принадлежность Настенный цоколь для модуля ВМ;;;;;#ИМЯ?
852;1;2;link Pro;8908675;Wolf Принадлежность Интерфейсный модуль Link Pro LAN/WLAN внешний (старый артикул 8908391);;;;;#ИМЯ?
852;1;2;MM/MM-2;8905376;Wolf Модуль управления смесителем ММ, с возможностью подключения модуля BM, управление смесительным;;;;;#ИМЯ?
852;1;2;KM/KM-2;8906335;Wolf Модуль управления каскадом КМ, с возможностью подключения модуля BM , управление до 5 установок;;;;;#ИМЯ?
853;1;1;котел;8613685;Wolf Газовый настенный конденсационный котёл CGB-100 (99,0 кВт), закрытая камера ;cgb-75-100.jpg;;;;#ИМЯ?
853;1;1;бойлер;8908597;Wolf Вертикальный водонагреватель SE-2-300 (старый артикул 2444172);se-2.jpg;;;;#ИМЯ?
853;1;1;датчик бойлера;279905499;Wolf Принадлежность Датчик температуры водонагревателя с круглым синим штекером;;;;;#ИМЯ?
853;1;2;доп опция;2071931;Wolf Принадлежность Насосная группа быстрого монтажа (контур отопления) для CGB 75/100, циркуляционн;;;;;#ИМЯ?
853;1;2;дымоход;2651558;Wolf Дымоход Комплект концентрического горизонтального прохода через стену или наклонную кровлю DN11;;;;;#ИМЯ?
853;1;2;ВМ/ВМ-2;8905359;Wolf Модуль управления ВМ (с датчиком наружной температуры), автоматическое погодозависимое управлен;bm.jpg;;;;#ИМЯ?
853;1;2;Цоколь;2744275;Wolf Принадлежность Настенный цоколь для модуля ВМ;;;;;#ИМЯ?
853;1;2;link Pro;8908675;Wolf Принадлежность Интерфейсный модуль Link Pro LAN/WLAN внешний (старый артикул 8908391);;;;;#ИМЯ?
853;1;2;MM/MM-2;8905376;Wolf Модуль управления смесителем ММ, с возможностью подключения модуля BM, управление смесительным;;;;;#ИМЯ?
853;1;2;KM/KM-2;8906335;Wolf Модуль управления каскадом КМ, с возможностью подключения модуля BM , управление до 5 установок;;;;;#ИМЯ?
101;2;1;котел;2485092;Wolf Газовый настенный отопительный котёл FGG-K-24, природный газ (учёт серии);fgg-k-24.jpg;;;;#ИМЯ?
101;2;1;Дымоход/ВМ-2;0;#Н/Д;;;;;#ИМЯ?
101;2;1;бойлер;0;#Н/Д;;;;;#ИМЯ?
101;2;1;датчик бойлера;0;#Н/Д;;;;;#ИМЯ?
101;2;1;дымоход;2651953;Wolf Дымоход Комплект концентрического горизонтального дымохода DN60/100 для котла FGG;;;;;#ИМЯ?
101;2;2;Цоколь;2734000;Wolf Принадлежность Комнатный термостат;;;;;#ИМЯ?
101;2;2;link Home;0;#Н/Д;;;;;#ИМЯ?
101;2;2;MM-2;0;#Н/Д;;;;;#ИМЯ?
101;2;2;KM-2;0;#Н/Д;;;;;#ИМЯ?
102;2;1;котел;8615218;Wolf Газовый настенный конденсационный котёл CGS-2-20/150R;cgs-2.jpg;;;;#ИМЯ?
102;2;1;Дымоход/ВМ-2;8908316;Wolf Модуль управления ВМ-2 (с датчиком наружной температуры), автоматическое погодозависимое управл;bm-2.jpg;;;;#ИМЯ?
102;2;1;бойлер;0;#Н/Д;;;;;#ИМЯ?
102;2;1;датчик бойлера;0;#Н/Д;;;;;#ИМЯ?
102;2;1;дымоход;2651955;Wolf Дымоход К-т концентрич.горизонт.дымохода DN60/100 для FGB/CGB-2 <QuickFlue> (2651754);;;;;#ИМЯ?
102;2;2;Цоколь;1731129;Wolf Принадлежность Настенный цоколь для модуля ВМ-2;;;;;#ИМЯ?
102;2;2;link Home;8908674;Wolf Принадлежность Интерфейсный модуль Link Home LAN/WLAN внутренний (старый артикул 8908390);;;;;#ИМЯ?
102;2;2;MM-2;8908493;Wolf Устройство регулирования Модуль управления смесителем MM-2;;;;;#ИМЯ?
102;2;2;KM-2;8908494;Wolf Модуль управления каскадом KM-2;;;;;#ИМЯ?
103;2;1;котел;8615211;Wolf Газовый настенный конденсационный котёл CGB-2 20 (20,5 кВт), закрытая камера ;cgb-2.jpg;;;;#ИМЯ?
103;2;1;Дымоход/ВМ-2;8908316;Wolf Модуль управления ВМ-2 (с датчиком наружной температуры), автоматическое погодозависимое управл;bm-2.jpg;;;;#ИМЯ?
103;2;1;бойлер;8908597;Wolf Вертикальный водонагреватель SE-2-300 (старый артикул 2444172);se-2.jpg;;;;#ИМЯ?
103;2;1;датчик бойлера;8852829;Wolf Принад-ть Датчик температуры водонагревателя, котла и воздуха (ТКС 5К, 6мм);;;;;#ИМЯ?
103;2;1;дымоход;2651955;Wolf Дымоход К-т концентрич.горизонт.дымохода DN60/100 для FGB/CGB-2 <QuickFlue> (2651754);;;;;#ИМЯ?
103;2;2;Цоколь;1731129;Wolf Принадлежность Настенный цоколь для модуля ВМ-2;;;;;#ИМЯ?
103;2;2;link Home;8908674;Wolf Принадлежность Интерфейсный модуль Link Home LAN/WLAN внутренний (старый артикул 8908390);;;;;#ИМЯ?
103;2;2;MM-2;8908493;Wolf Устройство регулирования Модуль управления смесителем MM-2;;;;;#ИМЯ?
103;2;2;KM-2;8908494;Wolf Модуль управления каскадом KM-2;;;;;#ИМЯ?
151;2;1;котел;K8615711001;Wolf Комплект Газовый настенный котёл CGG-3K-28 (28,0 кВт)  с датчиком темпер.  и модулем Link Home;;;;;#ИМЯ?
151;2;1;Дымоход/ВМ-2;0;#Н/Д;;;;;#ИМЯ?
151;2;1;бойлер;0;#Н/Д;;;;;#ИМЯ?
151;2;1;датчик бойлера;0;#Н/Д;;;;;#ИМЯ?
151;2;1;дымоход;0;#Н/Д;;;;;#ИМЯ?
151;2;2;Цоколь;8908316;Wolf Модуль управления ВМ-2 (с датчиком наружной температуры), автоматическое погодозависимое управл;bm-2.jpg;;;;#ИМЯ?
151;2;2;link Home;1731129;Wolf Принадлежность Настенный цоколь для модуля ВМ-2;;;;;#ИМЯ?
151;2;2;MM-2;8908493;Wolf Устройство регулирования Модуль управления смесителем MM-2;;;;;#ИМЯ?
151;2;2;KM-2;8908494;Wolf Модуль управления каскадом KM-2;;;;;#ИМЯ?
152;2;1;котел;8615220;Wolf Газовый настенный конденсационный котёл CGS-2-24/150R с водонагревателем ;cgs-2.jpg;;;;#ИМЯ?
152;2;1;Дымоход/ВМ-2;8908316;Wolf Модуль управления ВМ-2 (с датчиком наружной температуры), автоматическое погодозависимое управл;;;;;#ИМЯ?
152;2;1;бойлер;0;#Н/Д;;;;;#ИМЯ?
152;2;1;датчик бойлера;0;#Н/Д;;;;;#ИМЯ?
152;2;1;дымоход;2651955;Wolf Дымоход К-т концентрич.горизонт.дымохода DN60/100 для FGB/CGB-2 <QuickFlue> (2651754);;;;;#ИМЯ?
152;2;2;Цоколь;1731129;Wolf Принадлежность Настенный цоколь для модуля ВМ-2;bm-2.jpg;;;;#ИМЯ?
152;2;2;link Home;8908674;Wolf Принадлежность Интерфейсный модуль Link Home LAN/WLAN внутренний (старый артикул 8908390);;;;;#ИМЯ?
152;2;2;MM-2;8908493;Wolf Устройство регулирования Модуль управления смесителем MM-2;;;;;#ИМЯ?
152;2;2;KM-2;8908494;Wolf Модуль управления каскадом KM-2;;;;;#ИМЯ?
153;2;1;котел;8615213;Wolf Газовый настенный конденсационный котёл CGB-2 24 (25,8 кВт), закрытая камера ;cgb-2.jpg;;;;#ИМЯ?
153;2;1;Дымоход/ВМ-2;8908316;Wolf Модуль управления ВМ-2 (с датчиком наружной температуры), автоматическое погодозависимое управл;;;;;#ИМЯ?
153;2;1;бойлер;8908597;Wolf Вертикальный водонагреватель SE-2-300 (старый артикул 2444172);se-2.jpg;;;;#ИМЯ?
153;2;1;датчик бойлера;8852829;Wolf Принад-ть Датчик температуры водонагревателя, котла и воздуха (ТКС 5К, 6мм);;;;;#ИМЯ?
153;2;1;дымоход;2651955;Wolf Дымоход К-т концентрич.горизонт.дымохода DN60/100 для FGB/CGB-2 <QuickFlue> (2651754);;;;;#ИМЯ?
153;2;2;Цоколь;1731129;Wolf Принадлежность Настенный цоколь для модуля ВМ-2;;;;;#ИМЯ?
153;2;2;link Home;8908674;Wolf Принадлежность Интерфейсный модуль Link Home LAN/WLAN внутренний (старый артикул 8908390);;;;;#ИМЯ?
153;2;2;MM-2;8908493;Wolf Устройство регулирования Модуль управления смесителем MM-2;;;;;#ИМЯ?
153;2;2;KM-2;8908494;Wolf Модуль управления каскадом KM-2;;;;;#ИМЯ?
201;2;1;котел;K8615711002;Wolf Комплект Газовый наст. котёл CGG-3K-28  с датчиком температуры, модулем Link Home и дымоходом;;;;;#ИМЯ?
201;2;1;Дымоход/ВМ-2;0;#Н/Д;;;;;#ИМЯ?
201;2;1;бойлер;0;#Н/Д;;;;;#ИМЯ?
201;2;1;датчик бойлера;0;#Н/Д;;;;;#ИМЯ?
201;2;1;дымоход;0;#Н/Д;;;;;#ИМЯ?
201;2;2;Цоколь;8908316;Wolf Модуль управления ВМ-2 (с датчиком наружной температуры), автоматическое погодозависимое управл;bm-2.jpg;;;;#ИМЯ?
201;2;2;link Home;1731129;Wolf Принадлежность Настенный цоколь для модуля ВМ-2;;;;;#ИМЯ?
201;2;2;MM-2;8908493;Wolf Устройство регулирования Модуль управления смесителем MM-2;;;;;#ИМЯ?
201;2;2;KM-2;8908494;Wolf Модуль управления каскадом KM-2;;;;;#ИМЯ?
